Sparkles Family Fun Center,770-943-4446,$$,"4054 Jimmy Lee Smith Pkwy, Hiram, GA 30141"
Mountasia,770-422-7227,$$,"175 Ernest W Barrett Pkwy NW, Marietta, GA 30066"
The Escape Game Atlanta,678-831-6347,$$,"900 Battery Ave SE #1020, Atlanta, GA 30339"
Lakepoint Station,678-719-0921,$$,"77 Old Allatoona Rd SE, Cartersville, GA 30121"
The Downtown Axe,770-627-3755,$$,"251 W Memorial Dr, Dallas, GA 30132"
Six Flags,770-739-3400,$$$,"275 Riverside Pkwy, Austell, GA 30168"
Andretti Indoor Karting,678-496-9530,$$$,"1255 Roswell Rd, Marietta, GA 30062"
High Museum of Art,404-733-4400,$$$,"1280 Peachtree St NE, Atlanta, GA 30309"
Georgia Aquarium,404-581-4000,$$$,"225 Baker St NW, Atlanta, GA 30313"
Hiram Station Bar,770-445-8797,$,"3736 Atlanta Hwy, Hiram, GA 30141"
278 South,470-377-4909,$,"3716 Atlanta Hwy, Hiram, GA 30141"
The Place Tavern,770-222-6689,$$,"5886 Wendy Bagwell Pkwy, Hiram, GA 30141"
The Box Sports Bar,678-504-5222,$$,"51 Seven Hills Blvd, Dallas, GA 30132"
Olde Towne Tavern,770-499-7878,$$,"2500 Cobb Pkwy N, Kennesaw, GA 30152"
unWined & Tap,678-701-3128,$$$,"2493 Cedarcrest Rd, Acworth, GA 30101"
Center Street Tavern,770-917-0004,$$,"4381 Center St, Acworth, GA 30101"
Bar North,678-403-8650,$,"3900 Legacy Park Blvd NW B100, Kennesaw, GA 30144"
Red Top Brewhouse,470-893-0425,$$,"4637 S Main St, Acworth, GA 30101"
Cluck-N-Moo,678-401-6487,$,"3894 Due W Rd NW Suite 280, Marietta, GA 30064",https://www.toasttab.com/cluck-n-mooh-marietta-3894-due-west-rd-ste-280/v3/?mode=fulfillment
A Taste of Cindy's Kitchen,770-222-2040,$,"3606 Atlanta Hwy, Hiram, GA 30141",http://places.singleplatform.com/a-taste-of-cindys-kitchen/menu?ref=google
Frannick's Cafe,678-401-2145,$,"1001 Old Harris Rd, Dallas, GA 30132",https://www.frannickscafe.com/menu
Briar Patch BBQ,770-445-3737,$$,"3807 Atlanta Hwy, Hiram, GA 30141",https://www.briarpatchrestaurant.com/menu
Hibachi Express,770-779-8968,$,"4374 Atlanta Hwy #133, Hiram, GA 30141",http://thehibachiexpress.com/menu
Marco's Pizza,770-443-7200,$,"4374 Atlanta Hwy Suite 139, Hiram, GA 30141",https://www.marcos.com/menu/
Olive Tree,770-439-0203,$$,"37 Beatty St #115, Hiram, GA 30141",https://www.theolivetreerestauranthiram.com/menu/
O'Charley's,770-222-0822,$$,"4790 Jimmy Lee Smith Pkwy, Hiram, GA 30141",https://www.ocharleys.com/menu/
La Cocina,770-445-2511,$,"457 Nathan Dean Blvd # 116, Dallas, GA 30132",http://www.mylacocina.com/menu.html
Huey Luey's,678-567-0080,$$,"5460 Wendy Bagwell Pkwy, Hiram, GA 30141",https://hueylueys.com/wp-content/uploads/2021/01/hirammenu_dec2020-3-final.pdf